{
    "age_statistics": {
        "count": 128.0,
        "mean": 85.1171875,
        "std": 61.13411371520891,
        "min": 20.0,
        "25%": 63.0,
        "50%": 72.5,
        "75%": 83.0,
        "max": 300.0
    },
    "gender_distribution": {
        "M": 0.546875,
        "F": 0.453125
    }
}